<?xml version="1.0" encoding="UTF-8"?>
<!DOCTYPE mapper
	PUBLIC "-//mybatis.org//DTD Mapper 3.0//EN"
	"http://mybatis.org/dtd/mybatis-3-mapper.dtd">
<mapper namespace="com.peisia.mapper.PjMapper">
	<!-- resultType 에 복수형(ArrayList 등)을 적는게 아님. 
	그냥 dto 단수의 경로를 적어야됨. -->
	<select id="getPjList" resultType="com.peisia.dto.PjDto">
		SELECT * from pj
	</select>	
	<select id="getGuildPjList" resultType="com.peisia.dto.PjDto">
		SELECT * from pj where vendor = '고양이길드'
	</select>	
	<insert id="addPj">
		insert into pj (name,content,level,gold) values(#{name},#{content},#{level},#{gold})
	</insert>	
	<update id="updateGuild">
		update pj set vendor = '고양이길드' where no = #{no}
	</update>	
</mapper>
